node,LIDAR Sensors,Training Datasets,ECU,Vehicle & Pedestrian Detection,Object Detection,Update AI Models,Traffic Flow Optimization,Risk Analysis & Accident Prevention,Decision Making
LIDAR Sensors,0,0,0.79,0.89,0.85,0,0,0,0
Training Datasets,0,0,0.5,0.67,0.87,0.41,0,0,0
ECU,0,0.5,0,0,0,0,0,0,0
Vehicle & Pedestrian Detection,0,0,0,0,0,0,0.92,0,0
Object Detection,0,0,0,0,0,0,0,0.83,0
Update AI Models,0,0,0,0,0,0,0,0.75,0
Traffic Flow Optimization,0,0,0,0,0,0,0,0,0.64
Risk Analysis & Accident Prevention,0,0,0,0,0,0,0,0,0.7
Decision Making,0,0,0,0,0,0,0,0,0
